insert into RESTAURANT(name,phone_number,email,google_map) values('VAFANAPOLI','696-331-424','dagmararaczak@gmail.com','embed?pb=!1m18!1m12!1m3!1d2505.0036998986875!2d17.022653274182616!3d51.1083919032671!2m3!1f0!2f0!3f0!3m2!1i1024!2i768!4f13.1!3m3!1m2!1s0x470fc20b0b11b5c1%3A0x108e19847d58417e!2sVaffaNapoli!5e0!3m2!1spl!2spl!4v1562411893288!5m2!1spl!2spl');
insert into RESTAURANT(name,phone_number,email,google_map) values('PASIBUS','732-193-195','pasibuswor@gmail.com','embed?pb=!1m18!1m12!1m3!1d2505.0352615556144!2d17.0300358159485!3d51.10780957957142!2m3!1f0!2f0!3f0!3m2!1i1024!2i768!4f13.1!3m3!1m2!1s0x470fc274167fca27%3A0x4ca1c44bf2960101!2sPasibus!5e0!3m2!1spl!2spl!4v1562488518317!5m2!1spl!2spl');
insert into RESTAURANT(name,phone_number,email,google_map) values('ZIELONA OLIWKA','785-909-700','zoliwka@gmail.com','embed?pb=!1m18!1m12!1m3!1d2503.372583579439!2d17.057442215949454!3d51.138480079576205!2m3!1f0!2f0!3f0!3m2!1i1024!2i768!4f13.1!3m3!1m2!1s0x470fe9ba865ef0df%3A0x7df5cd08d7d62a03!2sZielona+Oliwka!5e0!3m2!1spl!2spl!4v1562488710636!5m2!1spl!2spl');
insert into RESTAURANT(name,phone_number,email,google_map) values('GRANDA PADANO','717-575-749','grandpadano@gmail.com','embed?pb=!1m18!1m12!1m3!1d2504.6957693706017!2d17.06778341594869!3d51.11407307957245!2m3!1f0!2f0!3f0!3m2!1i1024!2i768!4f13.1!3m3!1m2!1s0x470fe82e85295c07%3A0x819fdb360ce8eb20!2sRestauracja+Grana+Padano!5e0!3m2!1spl!2spl!4v1562488855324!5m2!1spl!2spl');
insert into RESTAURANT(name,phone_number,email,google_map) values('THALI','722-765-555','thalii@gmail.com','embed?pb=!1m18!1m12!1m3!1d2504.8048860248846!2d17.05490831594859!3d51.112059979572116!2m3!1f0!2f0!3f0!3m2!1i1024!2i768!4f13.1!3m3!1m2!1s0x470fe9d48c8f88ff%3A0x1fb13fc5239406ed!2sThali+Kuchnia+Indyjska!5e0!3m2!1spl!2spl!4v1562488946110!5m2!1spl!2spl');
insert into RESTAURANT(name,phone_number,email,google_map) values('KURNA CHATA','713-410-668','kurnchata@gmail.com','embed?pb=!1m18!1m12!1m3!1d2504.7491112200782!2d17.029604415948647!3d51.113088979572225!2m3!1f0!2f0!3f0!3m2!1i1024!2i768!4f13.1!3m3!1m2!1s0x470fe9df90d57331%3A0xbd4072317a79fcf2!2sKurna+Chata!5e0!3m2!1spl!2spl!4v1562489051675!5m2!1spl!2spl');
insert into RESTAURANT(name,phone_number,email,google_map) values('PRZYSTAŃ','502-130-893','przystan@gmai.com','embed?pb=!1m18!1m12!1m3!1d2504.6574577479173!2d17.030610615948692!3d51.114779879572545!2m3!1f0!2f0!3f0!3m2!1i1024!2i768!4f13.1!3m3!1m2!1s0x470fe9de4c6e92c1%3A0xdd9ca7c1061ee4ad!2sRestauracja+Przysta%C5%84!5e0!3m2!1spl!2spl!4v1562489139010!5m2!1spl!2spl');
insert into RESTAURANT(name,phone_number,email,google_map) values('CHIŃSKI WIATR','713-432-167','chinskiwiater@gmail.com','embed?pb=!1m18!1m12!1m3!1d2505.40767934106!2d17.051322315948205!3d51.100937979570425!2m3!1f0!2f0!3f0!3m2!1i1024!2i768!4f13.1!3m3!1m2!1s0x470fc2877eb70921%3A0xdf5c5959187b6b88!2sChi%C5%84ski+Wiatr!5e0!3m2!1spl!2spl!4v1562489215154!5m2!1spl!2spl');
insert into RESTAURANT(name,phone_number,email,google_map) values('THE ROOT','733-281-334','theroot@gmail.com','embed?pb=!1m18!1m12!1m3!1d2505.001365173966!2d17.024691115948485!3d51.10843497957156!2m3!1f0!2f0!3f0!3m2!1i1024!2i768!4f13.1!3m3!1m2!1s0x470fc274b6de5767%3A0x87cb6f67df970f79!2sThe+Root!5e0!3m2!1spl!2spl!4v1562489298500!5m2!1spl!2spl');
insert into RESTAURANT(name,phone_number,email,google_map) values('CHINKALNIA','886-533-800','chinkalnia@gmail.com','embed?pb=!1m18!1m12!1m3!1d2505.0667295314747!2d17.02476551594843!3d51.10722897957139!2m3!1f0!2f0!3f0!3m2!1i1024!2i768!4f13.1!3m3!1m2!1s0x470fc27358f92e5f%3A0xf3cf4ef3c33ba2c!2sChinkalnia!5e0!3m2!1spl!2spl!4v1562489366669!5m2!1spl!2spl');

insert into MENU(restaurant_id) values (1);
insert into MENU(restaurant_id) values (2);
insert into MENU(restaurant_id) values (3);
insert into MENU(restaurant_id) values (4);
insert into MENU(restaurant_id) values (5);
insert into MENU(restaurant_id) values (6);
insert into MENU(restaurant_id) values (7);
insert into MENU(restaurant_id) values (8);
insert into MENU(restaurant_id) values (9);
insert into MENU(restaurant_id) values (10);

insert into MEAL(name,PRICE,MENU_ID) values('CEZAR Z KURCZAKIEM',21.5,1);
insert into MEAL(name,PRICE,MENU_ID) values('PIERŚ Z KACZKI',35.0,1);
insert into MEAL(name,PRICE,MENU_ID) values('CHRUPIĄCY KURCZAK',22.99,1);
insert into MEAL(name,PRICE,MENU_ID) values('STEK Z ANTRYKOTU',45.99,1);
insert into MEAL(name,PRICE,MENU_ID) values('SCHAB Z DZIKA',39.99,1);
insert into MEAL(name,PRICE,MENU_ID) values('SZNYCEL WIEPRZOWY',28.99,1);
insert into MEAL(name,PRICE,MENU_ID) values('PAPPARDELLE Z KURCZAKIEM',27.99,1);
insert into MEAL(name,PRICE,MENU_ID) values('SAŁATKA NICEJSKA',25.99,1);
insert into MEAL(name,PRICE,MENU_ID) values('CARPACCIO Z KURCZAKIEM',17.99,1);
insert into MEAL(name,PRICE,MENU_ID) values('KREWETKI TIGER',18.99,1);

insert into MEAL(name,PRICE,MENU_ID) values('BURGER STANDARD',21.00,2);
insert into MEAL(name,PRICE,MENU_ID) values('BURGER AWOKADUS',26.00,2);
insert into MEAL(name,PRICE,MENU_ID) values('BURGER WIESIO',27.00,2);
insert into MEAL(name,PRICE,MENU_ID) values('BURGER KLASYK',19.00,2);
insert into MEAL(name,PRICE,MENU_ID) values('BURGER BEBEK JUNIOR',24.00,2);
insert into MEAL(name,PRICE,MENU_ID) values('BURGER BEBEK',25.00,2);
insert into MEAL(name,PRICE,MENU_ID) values('BURGER GONZALES',26.00,2);
insert into MEAL(name,PRICE,MENU_ID) values('BURGER REDHOT',25.00,2);
insert into MEAL(name,PRICE,MENU_ID) values('BURGER CHORIZARD',27.00,2);
insert into MEAL(name,PRICE,MENU_ID) values('BURGER MANGÓR',25.00,2);

insert into MEAL(name,PRICE,MENU_ID) values('MAKARON POLLO',30.00,3);
insert into MEAL(name,PRICE,MENU_ID) values('PIEROGI RUSKIE',25.00,3);
insert into MEAL(name,PRICE,MENU_ID) values('KREM Z POMIDORÓW',18.00,3);
insert into MEAL(name,PRICE,MENU_ID) values('TATAR WOŁOWY',35.00,3);
insert into MEAL(name,PRICE,MENU_ID) values('BURATTA',30.00,3);
insert into MEAL(name,PRICE,MENU_ID) values('SAŁATKA Z KALMARAMI',33.00,3);
insert into MEAL(name,PRICE,MENU_ID) values('SAŁATKA Z OWCZYM SEREM',33.00,3);
insert into MEAL(name,PRICE,MENU_ID) values('STEK Z ROSTBEFU',48.00,3);
insert into MEAL(name,PRICE,MENU_ID) values('POLĘDWICA Z DORSZA',46.00,3);
insert into MEAL(name,PRICE,MENU_ID) values('SANDACZ',50.00,3);

insert into MEAL(name,PRICE,MENU_ID) values('SPAGHETTI CARBONARA',24.00,4);
insert into MEAL(name,PRICE,MENU_ID) values('TAGIATELLE GAMBERETTI',28.00,4);
insert into MEAL(name,PRICE,MENU_ID) values('PASTA AL. NERO DI SEPPI',29.00,4);
insert into MEAL(name,PRICE,MENU_ID) values('TAGIATELLE Z PASTĄ Z TAMARYNDOWCA',26.00,4);
insert into MEAL(name,PRICE,MENU_ID) values('KREM Z POMIDORÓW',12.00,4);
insert into MEAL(name,PRICE,MENU_ID) values('MAKARON Z SOSEM POMIDOROWYM',16.00,4);
insert into MEAL(name,PRICE,MENU_ID) values('SAŁATKA Z WĄTRÓBKĄ DROBIOWĄ',24.00,4);
insert into MEAL(name,PRICE,MENU_ID) values('SAŁATKA Z KREWETKAMI',28.00,4);
insert into MEAL(name,PRICE,MENU_ID) values('PIZZA POLLO PICCANTE',29.00,4);
insert into MEAL(name,PRICE,MENU_ID) values('PIZZA FRUTTI DI MARE',30.00,4);

insert into MEAL(name,PRICE,MENU_ID) values('BUTTER CHICKEN',30.00,5);
insert into MEAL(name,PRICE,MENU_ID) values('CHICKEN TIKKA MASALA',30.00,5);
insert into MEAL(name,PRICE,MENU_ID) values('TOM YUM GAI',14.00,5);
insert into MEAL(name,PRICE,MENU_ID) values('DAAL TARKA VEGAN',21.00,5);
insert into MEAL(name,PRICE,MENU_ID) values('DAAL MAKHANI',25.00,5);
insert into MEAL(name,PRICE,MENU_ID) values('PUNJABI CHANA MASALA',22.00,5);
insert into MEAL(name,PRICE,MENU_ID) values('PALAK PANEER',27.00,5);
insert into MEAL(name,PRICE,MENU_ID) values('MIX VEGE HANDI',27.00,5);
insert into MEAL(name,PRICE,MENU_ID) values('MALAI KOFTA',29.00,5);
insert into MEAL(name,PRICE,MENU_ID) values('JEERA ALOO',21.00,5);

insert into MEAL(name,PRICE,MENU_ID) values('KARCZYCHO UDUSZONE',31.50,6);
insert into MEAL(name,PRICE,MENU_ID) values('GRILOWANY FILET Z KURCZAKA',33.50,6);
insert into MEAL(name,PRICE,MENU_ID) values('KLUCHY ŚLĄSKIE Z GULASZEM WOŁOWYM',30.50,6);
insert into MEAL(name,PRICE,MENU_ID) values('KIEŁBASA Z CEBULKĄ',26.50,6);
insert into MEAL(name,PRICE,MENU_ID) values('KOTLET SCHABOWY',26.50,6);
insert into MEAL(name,PRICE,MENU_ID) values('KLUCHY ŚLĄSKIE Z SOSEM GRZYBOWYM',26.50,6);
insert into MEAL(name,PRICE,MENU_ID) values('KLUCHY ŚLĄSKIE Z GULASZEM WOŁOWYM',30.50,6);
insert into MEAL(name,PRICE,MENU_ID) values('SAŁATKA WIEJSKA',27.50,6);
insert into MEAL(name,PRICE,MENU_ID) values('SAŁATKA MORSKA',29.50,6);
insert into MEAL(name,PRICE,MENU_ID) values('BARSZCZ Z PIEROGIAMI',16.50,6);

insert into MEAL(name,PRICE,MENU_ID) values('DUŻY ZESTAW GYROS',21.50,7);
insert into MEAL(name,PRICE,MENU_ID) values('TORTILLA GYROS',13.50,7);
insert into MEAL(name,PRICE,MENU_ID) values('ZESTAW KEWTA',20.50,7);
insert into MEAL(name,PRICE,MENU_ID) values('ZESTAW FILET Z KURCZAKA',22.00,7);
insert into MEAL(name,PRICE,MENU_ID) values('ZESTAW DANIE PETRA',23.50,7);
insert into MEAL(name,PRICE,MENU_ID) values('ZESTAW PSTRĄG',26.00,7);
insert into MEAL(name,PRICE,MENU_ID) values('SAŁATKA MEKSYKAŃSKA',13.00,7);
insert into MEAL(name,PRICE,MENU_ID) values('SAŁATKA ORIENTALNA',15.00,7);
insert into MEAL(name,PRICE,MENU_ID) values('SAŁATKA SZEFA',18.00,7);
insert into MEAL(name,PRICE,MENU_ID) values('SAŁATKA PETRA',17.50,7);

insert into MEAL(name,PRICE,MENU_ID) values('SAJGONKI Z MIĘSEM I WARZYWAMI',10.00,8);
insert into MEAL(name,PRICE,MENU_ID) values('KURCZAK SŁODKO KWAŚNY',25.00,8);
insert into MEAL(name,PRICE,MENU_ID) values('SMAŻONE PIEROŻKI WAN TAN',9.00,8);
insert into MEAL(name,PRICE,MENU_ID) values('ZUPA WAN TAN',13.00,8);
insert into MEAL(name,PRICE,MENU_ID) values('KURCZAK GONG BAO',25.00,8);
insert into MEAL(name,PRICE,MENU_ID) values('KURCZAK CURRY',25.00,8);
insert into MEAL(name,PRICE,MENU_ID) values('UDKO PIĘCIU SMAOWK',26.00,8);
insert into MEAL(name,PRICE,MENU_ID) values('KACZKA PO PEKIŃSKU',45.00,8);
insert into MEAL(name,PRICE,MENU_ID) values('CZERWONY BOCZEK',28.00,8);
insert into MEAL(name,PRICE,MENU_ID) values('MA PO TOFU WIEPRZOWINA',26.00,8);

insert into MEAL(name,PRICE,MENU_ID) values('PITA FALAFEL',28.99,9);
insert into MEAL(name,PRICE,MENU_ID) values('KANAPKA VEGAN BLT',29.99,9);
insert into MEAL(name,PRICE,MENU_ID) values('HUMUS MAROKAŃSKI MIX',23.00,9);
insert into MEAL(name,PRICE,MENU_ID) values('HUMUS SZAKSZUKA',25.00,9);
insert into MEAL(name,PRICE,MENU_ID) values('GARNUSZEK COCO CURRY',35.00,9);
insert into MEAL(name,PRICE,MENU_ID) values('KOFTA',37.00,9);
insert into MEAL(name,PRICE,MENU_ID) values('CHILLI SIN CARNE',34.00,9);
insert into MEAL(name,PRICE,MENU_ID) values('BABA GANOUSH',10.00,9);
insert into MEAL(name,PRICE,MENU_ID) values('TAPENADA',11.00,9);
insert into MEAL(name,PRICE,MENU_ID) values('SAMBOUSEK',13.00,9);

insert into MEAL(name,PRICE,MENU_ID) values('CHINKALI (4szt.)', 26.00,10);
insert into MEAL(name,PRICE,MENU_ID) values('CHINKALI Z SEREM (4szt.)', 24.00,10);
insert into MEAL(name,PRICE,MENU_ID) values('TOLMA PAPRYKOWA',29.00,10);
insert into MEAL(name,PRICE,MENU_ID) values('PIELMIENI',28.00,10);
insert into MEAL(name,PRICE,MENU_ID) values('CZASZUSZULI',38.00,10);
insert into MEAL(name,PRICE,MENU_ID) values('LULAKEBAB',36.00,10);
insert into MEAL(name,PRICE,MENU_ID) values('NEKNEBI',38.00,10);
insert into MEAL(name,PRICE,MENU_ID) values('ADŻEPSANDALI',29.00,10);
insert into MEAL(name,PRICE,MENU_ID) values('SAŁATKA GRUZIŃSKA',28.00,10);
insert into MEAL(name,PRICE,MENU_ID) values('COMBERKI Z JAGNIĘCINY',56,10);

insert into Ingredients(name,MEAL_ID) values('czosnek',1);
insert into Ingredients(name,MEAL_ID) values('czosnek',2);
insert into Ingredients(name,MEAL_ID) values('czosnek',3);
insert into Ingredients(name,MEAL_ID) values('czosnek',4);
insert into Ingredients(name,MEAL_ID) values('kurczak',5);
insert into Ingredients(name,MEAL_ID) values('kurczak',6);
insert into Ingredients(name,MEAL_ID) values('kurczak',7);
insert into Ingredients(name,MEAL_ID) values('kurczak',8);
insert into Ingredients(name,MEAL_ID) values('orzechy',9);
insert into Ingredients(name,MEAL_ID) values('orzechy',10);
insert into Ingredients(name,MEAL_ID) values('orzechy',11);
insert into Ingredients(name,MEAL_ID) values('orzechy',12);
insert into Ingredients(name,MEAL_ID) values('pomidor',13);
insert into Ingredients(name,MEAL_ID) values('pomidor',14);
insert into Ingredients(name,MEAL_ID) values('pomidor',15);
insert into Ingredients(name,MEAL_ID) values('pomidor',16);
insert into Ingredients(name,MEAL_ID) values('pomidor',17);
insert into Ingredients(name,MEAL_ID) values('pomidor',18);
insert into Ingredients(name,MEAL_ID) values('pomidor',19);
insert into Ingredients(name,MEAL_ID) values('pomidor',20);
insert into Ingredients(name,MEAL_ID) values('pomidor',21);
insert into Ingredients(name,MEAL_ID) values('pomidor',22);
insert into Ingredients(name,MEAL_ID) values('pomidor',23);
insert into Ingredients(name,MEAL_ID) values('pomidor',24);
insert into Ingredients(name,MEAL_ID) values('ryż',24);
insert into Ingredients(name,MEAL_ID) values('ryż',23);
insert into Ingredients(name,MEAL_ID) values('ryż',22);
insert into Ingredients(name,MEAL_ID) values('ryż',21);
insert into Ingredients(name,MEAL_ID) values('ryż',19);
insert into Ingredients(name,MEAL_ID) values('ryż',18);
insert into Ingredients(name,MEAL_ID) values('ryż',17);
insert into Ingredients(name,MEAL_ID) values('ryż',16);
insert into Ingredients(name,MEAL_ID) values('ryż',15);
insert into Ingredients(name,MEAL_ID) values('ryż',14);
insert into Ingredients(name,MEAL_ID) values('ziemniaki',13);
insert into Ingredients(name,MEAL_ID) values('ziemniaki',12);
insert into Ingredients(name,MEAL_ID) values('ziemniaki',11);
insert into Ingredients(name,MEAL_ID) values('ziemniaki',10);
insert into Ingredients(name,MEAL_ID) values('ziemniaki',9);
insert into Ingredients(name,MEAL_ID) values('ziemniaki',8);
insert into Ingredients(name,MEAL_ID) values('ziemniaki',7);
insert into Ingredients(name,MEAL_ID) values('ziemniaki',6);
insert into Ingredients(name,MEAL_ID) values('ziemniaki',5);
insert into Ingredients(name,MEAL_ID) values('ziemniaki',4);
insert into Ingredients(name,MEAL_ID) values('ziemniaki',3);
insert into Ingredients(name,MEAL_ID) values('makaron',2);
insert into Ingredients(name,MEAL_ID) values('cukinia',1);
insert into Ingredients(name,MEAL_ID) values('cukinia',25);
insert into Ingredients(name,MEAL_ID) values('cukinia',26);
insert into Ingredients(name,MEAL_ID) values('cukinia',27);
insert into Ingredients(name,MEAL_ID) values('cukinia',28);
insert into Ingredients(name,MEAL_ID) values('cukinia',29);
insert into Ingredients(name,MEAL_ID) values('cukinia',30);
insert into Ingredients(name,MEAL_ID) values('kaczka',31);
insert into Ingredients(name,MEAL_ID) values('kaczka',32);
insert into Ingredients(name,MEAL_ID) values('kaczka',33);
insert into Ingredients(name,MEAL_ID) values('kaczka',34);
insert into Ingredients(name,MEAL_ID) values('kaczka',35);
insert into Ingredients(name,MEAL_ID) values('kaczka',36);
insert into Ingredients(name,MEAL_ID) values('kaczka',37);
insert into Ingredients(name,MEAL_ID) values('sałata lodowa',37);
insert into Ingredients(name,MEAL_ID) values('sałata lodowa',38);
insert into Ingredients(name,MEAL_ID) values('sałata lodowa',39);
insert into Ingredients(name,MEAL_ID) values('sałata lodowa',40);
insert into Ingredients(name,MEAL_ID) values('sałata lodowa',42);
insert into Ingredients(name,MEAL_ID) values('indyk',43);
insert into Ingredients(name,MEAL_ID) values('indyk',44);
insert into Ingredients(name,MEAL_ID) values('indyk',45);
insert into Ingredients(name,MEAL_ID) values('indyk',46);
insert into Ingredients(name,MEAL_ID) values('indyk',47);
insert into Ingredients(name,MEAL_ID) values('ser cheedar',48);
insert into Ingredients(name,MEAL_ID) values('ser cheedar',49);
insert into Ingredients(name,MEAL_ID) values('ser cheedar',50);
insert into Ingredients(name,MEAL_ID) values('ser cheedar',51);
insert into Ingredients(name,MEAL_ID) values('ser cheedar',52);
insert into Ingredients(name,MEAL_ID) values('ser cheedar',53);
insert into Ingredients(name,MEAL_ID) values('ser cheedar',54);
insert into Ingredients(name,MEAL_ID) values('boczek',55);
insert into Ingredients(name,MEAL_ID) values('boczek',56);
insert into Ingredients(name,MEAL_ID) values('boczek',57);
insert into Ingredients(name,MEAL_ID) values('boczek',58);
insert into Ingredients(name,MEAL_ID) values('boczek',59);
insert into Ingredients(name,MEAL_ID) values('boczek',60);
insert into Ingredients(name,MEAL_ID) values('boczek',61);
insert into Ingredients(name,MEAL_ID) values('boczek',62);
insert into Ingredients(name,MEAL_ID) values('boczek',63);
insert into Ingredients(name,MEAL_ID) values('cebula',64);
insert into Ingredients(name,MEAL_ID) values('cebula',63);
insert into Ingredients(name,MEAL_ID) values('cebula',62);
insert into Ingredients(name,MEAL_ID) values('cebula',61);
insert into Ingredients(name,MEAL_ID) values('cebula',60);
insert into Ingredients(name,MEAL_ID) values('cebula',59);
insert into Ingredients(name,MEAL_ID) values('cebula',58);
insert into Ingredients(name,MEAL_ID) values('cebula',57);
insert into Ingredients(name,MEAL_ID) values('cebula',56);
insert into Ingredients(name,MEAL_ID) values('cebula',55);
insert into Ingredients(name,MEAL_ID) values('ogórek kiszony',54);
insert into Ingredients(name,MEAL_ID) values('ogórek kiszony',53);
insert into Ingredients(name,MEAL_ID) values('ogórek kiszony',52);
insert into Ingredients(name,MEAL_ID) values('ogórek kiszony',51);
insert into Ingredients(name,MEAL_ID) values('ogórek kiszony',50);
insert into Ingredients(name,MEAL_ID) values('ogórek kiszony',49);
insert into Ingredients(name,MEAL_ID) values('ogórek kiszony',48);
insert into Ingredients(name,MEAL_ID) values('ogórek kiszony',47);
insert into Ingredients(name,MEAL_ID) values('ogórek kiszony',46);
insert into Ingredients(name,MEAL_ID) values('awokado',45);
insert into Ingredients(name,MEAL_ID) values('awokado',44);
insert into Ingredients(name,MEAL_ID) values('awokado',44);
insert into Ingredients(name,MEAL_ID) values('awokado',42);
insert into Ingredients(name,MEAL_ID) values('awokado',41);
insert into Ingredients(name,MEAL_ID) values('awokado',40);
insert into Ingredients(name,MEAL_ID) values('awokado',39);
insert into Ingredients(name,MEAL_ID) values('roszponka',38);
insert into Ingredients(name,MEAL_ID) values('roszponka',37);
insert into Ingredients(name,MEAL_ID) values('roszponka',36);
insert into Ingredients(name,MEAL_ID) values('roszponka',35);
insert into Ingredients(name,MEAL_ID) values('roszponka',34);
insert into Ingredients(name,MEAL_ID) values('roszponka',33);
insert into Ingredients(name,MEAL_ID) values('roszponka',32);
insert into Ingredients(name,MEAL_ID) values('roszponka',31);
insert into Ingredients(name,MEAL_ID) values('roszponka',30);
insert into Ingredients(name,MEAL_ID) values('roszponka',29);
insert into Ingredients(name,MEAL_ID) values('ketchup',28);
insert into Ingredients(name,MEAL_ID) values('ketchup',27);
insert into Ingredients(name,MEAL_ID) values('ketchup',26);
insert into Ingredients(name,MEAL_ID) values('ketchup',25);
insert into Ingredients(name,MEAL_ID) values('ketchup',24);
insert into Ingredients(name,MEAL_ID) values('ketchup',23);
insert into Ingredients(name,MEAL_ID) values('ketchup',22);
insert into Ingredients(name,MEAL_ID) values('musztarda',21);
insert into Ingredients(name,MEAL_ID) values('musztarda',20);
insert into Ingredients(name,MEAL_ID) values('musztarda',19);
insert into Ingredients(name,MEAL_ID) values('musztarda',18);
insert into Ingredients(name,MEAL_ID) values('musztarda',17);
insert into Ingredients(name,MEAL_ID) values('musztarda',16);
insert into Ingredients(name,MEAL_ID) values('musztarda',15);
insert into Ingredients(name,MEAL_ID) values('musztarda',14);
insert into Ingredients(name,MEAL_ID) values('musztarda',13);
insert into Ingredients(name,MEAL_ID) values('musztarda',12);
insert into Ingredients(name,MEAL_ID) values('musztarda',11);
insert into Ingredients(name,MEAL_ID) values('musztarda',10);
insert into Ingredients(name,MEAL_ID) values('musztarda',9);
insert into Ingredients(name,MEAL_ID) values('sos BBQ',8);
insert into Ingredients(name,MEAL_ID) values('sos BBQ',7);
insert into Ingredients(name,MEAL_ID) values('sos BBQ',6);
insert into Ingredients(name,MEAL_ID) values('sos BBQ',5);
insert into Ingredients(name,MEAL_ID) values('sos BBQ',4);
insert into Ingredients(name,MEAL_ID) values('sos BBQ',3);
insert into Ingredients(name,MEAL_ID) values('sos BBQ',2);
insert into Ingredients(name,MEAL_ID) values('sos BBQ',1);
insert into Ingredients(name,MEAL_ID) values('jajka',60);
insert into Ingredients(name,MEAL_ID) values('jajka',61);
insert into Ingredients(name,MEAL_ID) values('jajka',62);
insert into Ingredients(name,MEAL_ID) values('jajka',63);
insert into Ingredients(name,MEAL_ID) values('jajka',64);
insert into Ingredients(name,MEAL_ID) values('jajka',65);
insert into Ingredients(name,MEAL_ID) values('jajka',66);
insert into Ingredients(name,MEAL_ID) values('jajka',67);
insert into Ingredients(name,MEAL_ID) values('jajka',68);
insert into Ingredients(name,MEAL_ID) values('jajka',69);
insert into Ingredients(name,MEAL_ID) values('jajka',70);
insert into Ingredients(name,MEAL_ID) values('jajka',71);
insert into Ingredients(name,MEAL_ID) values('rukola',72);
insert into Ingredients(name,MEAL_ID) values('rukola',73);
insert into Ingredients(name,MEAL_ID) values('rukola',74);
insert into Ingredients(name,MEAL_ID) values('rukola',75);
insert into Ingredients(name,MEAL_ID) values('rukola',76);
insert into Ingredients(name,MEAL_ID) values('rukola',77);
insert into Ingredients(name,MEAL_ID) values('rukola',78);
insert into Ingredients(name,MEAL_ID) values('rukola',79);
insert into Ingredients(name,MEAL_ID) values('rukola',80);
insert into Ingredients(name,MEAL_ID) values('parmezan',81);
insert into Ingredients(name,MEAL_ID) values('parmezan',82);
insert into Ingredients(name,MEAL_ID) values('parmezan',83);
insert into Ingredients(name,MEAL_ID) values('parmezan',84);
insert into Ingredients(name,MEAL_ID) values('parmezan',85);
insert into Ingredients(name,MEAL_ID) values('parmezan',86);
insert into Ingredients(name,MEAL_ID) values('parmezan',87);
insert into Ingredients(name,MEAL_ID) values('parmezan',88);
insert into Ingredients(name,MEAL_ID) values('parmezan',89);
insert into Ingredients(name,MEAL_ID) values('parmezan',90);
insert into Ingredients(name,MEAL_ID) values('parmezan',91);
insert into Ingredients(name,MEAL_ID) values('parmezan',92);
insert into Ingredients(name,MEAL_ID) values('jalapeno',93);
insert into Ingredients(name,MEAL_ID) values('jalapeno',94);
insert into Ingredients(name,MEAL_ID) values('jalapeno',95);
insert into Ingredients(name,MEAL_ID) values('jalapeno',96);
insert into Ingredients(name,MEAL_ID) values('jalapeno',97);
insert into Ingredients(name,MEAL_ID) values('jalapeno',98);
insert into Ingredients(name,MEAL_ID) values('jalapeno',99);
insert into Ingredients(name,MEAL_ID) values('mozzarella',99);
insert into Ingredients(name,MEAL_ID) values('mozzarella',98);
insert into Ingredients(name,MEAL_ID) values('mozzarella',97);
insert into Ingredients(name,MEAL_ID) values('mozzarella',96);
insert into Ingredients(name,MEAL_ID) values('mozzarella',95);
insert into Ingredients(name,MEAL_ID) values('mozzarella',94);
insert into Ingredients(name,MEAL_ID) values('mozzarella',93);
insert into Ingredients(name,MEAL_ID) values('mozzarella',92);
insert into Ingredients(name,MEAL_ID) values('mozzarella',91);
insert into Ingredients(name,MEAL_ID) values('pesto bazyliowe',90);
insert into Ingredients(name,MEAL_ID) values('pesto bazyliowe',89);
insert into Ingredients(name,MEAL_ID) values('pesto bazyliowe',88);
insert into Ingredients(name,MEAL_ID) values('pesto bazyliowe',87);
insert into Ingredients(name,MEAL_ID) values('pesto bazyliowe',86);
insert into Ingredients(name,MEAL_ID) values('pesto bazyliowe',85);
insert into Ingredients(name,MEAL_ID) values('pesto bazyliowe',84);
insert into Ingredients(name,MEAL_ID) values('pesto bazyliowe',83);
insert into Ingredients(name,MEAL_ID) values('gorgonzola',82);
insert into Ingredients(name,MEAL_ID) values('gorgonzola',81);
insert into Ingredients(name,MEAL_ID) values('gorgonzola',80);
insert into Ingredients(name,MEAL_ID) values('gorgonzola',79);
insert into Ingredients(name,MEAL_ID) values('gorgonzola',78);
insert into Ingredients(name,MEAL_ID) values('gorgonzola',77);
insert into Ingredients(name,MEAL_ID) values('gorgonzola',76);
insert into Ingredients(name,MEAL_ID) values('gorgonzola',75);
insert into Ingredients(name,MEAL_ID) values('gorgonzola',74);
insert into Ingredients(name,MEAL_ID) values('gorgonzola',73);
insert into Ingredients(name,MEAL_ID) values('łosoś',72);
insert into Ingredients(name,MEAL_ID) values('łosoś',71);
insert into Ingredients(name,MEAL_ID) values('łosoś',70);
insert into Ingredients(name,MEAL_ID) values('łosoś',69);
insert into Ingredients(name,MEAL_ID) values('łosoś',68);
insert into Ingredients(name,MEAL_ID) values('łosoś',67);
insert into Ingredients(name,MEAL_ID) values('łosoś',66);
insert into Ingredients(name,MEAL_ID) values('łosoś',65);
insert into Ingredients(name,MEAL_ID) values('łosoś',64);
insert into Ingredients(name,MEAL_ID) values('łosoś',63);
insert into Ingredients(name,MEAL_ID) values('buraki',62);
insert into Ingredients(name,MEAL_ID) values('buraki',61);
insert into Ingredients(name,MEAL_ID) values('buraki',60);
insert into Ingredients(name,MEAL_ID) values('buraki',59);
insert into Ingredients(name,MEAL_ID) values('buraki',58);
insert into Ingredients(name,MEAL_ID) values('buraki',57);
insert into Ingredients(name,MEAL_ID) values('buraki',56);
insert into Ingredients(name,MEAL_ID) values('buraki',55);
insert into Ingredients(name,MEAL_ID) values('buraki',54);
insert into Ingredients(name,MEAL_ID) values('buraki',53);
insert into Ingredients(name,MEAL_ID) values('buraki',52);
insert into Ingredients(name,MEAL_ID) values('czerwona fasola',51);
insert into Ingredients(name,MEAL_ID) values('czerwona fasola',50);
insert into Ingredients(name,MEAL_ID) values('czerwona fasola',49);
insert into Ingredients(name,MEAL_ID) values('czerwona fasola',48);
insert into Ingredients(name,MEAL_ID) values('czerwona fasola',47);
insert into Ingredients(name,MEAL_ID) values('czerwona fasola',46);
insert into Ingredients(name,MEAL_ID) values('czerwona fasola',45);
insert into Ingredients(name,MEAL_ID) values('czerwona fasola',44);
insert into Ingredients(name,MEAL_ID) values('czerwona fasola',43);
insert into Ingredients(name,MEAL_ID) values('czerwona fasola',42);
insert into Ingredients(name,MEAL_ID) values('czerwona fasola',41);
insert into Ingredients(name,MEAL_ID) values('czerwona fasola',40);
insert into Ingredients(name,MEAL_ID) values('pieczarki',39);
insert into Ingredients(name,MEAL_ID) values('pieczarki',38);
insert into Ingredients(name,MEAL_ID) values('pieczarki',37);
insert into Ingredients(name,MEAL_ID) values('pieczarki',36);
insert into Ingredients(name,MEAL_ID) values('pieczarki',35);
insert into Ingredients(name,MEAL_ID) values('pieczarki',34);
insert into Ingredients(name,MEAL_ID) values('pieczarki',33);
insert into Ingredients(name,MEAL_ID) values('pieczarki',32);
insert into Ingredients(name,MEAL_ID) values('pieczarki',31);
insert into Ingredients(name,MEAL_ID) values('pieczarki',30);
insert into Ingredients(name,MEAL_ID) values('pieczarki',29);
insert into Ingredients(name,MEAL_ID) values('pieczarki',28);
insert into Ingredients(name,MEAL_ID) values('pieczarki',27);
insert into Ingredients(name,MEAL_ID) values('pieczarki',26);
insert into Ingredients(name,MEAL_ID) values('pieczarki',25);
insert into Ingredients(name,MEAL_ID) values('śmietana',24);
insert into Ingredients(name,MEAL_ID) values('śmietana',23);
insert into Ingredients(name,MEAL_ID) values('śmietana',22);
insert into Ingredients(name,MEAL_ID) values('śmietana',21);
insert into Ingredients(name,MEAL_ID) values('śmietana',20);
insert into Ingredients(name,MEAL_ID) values('śmietana',19);
insert into Ingredients(name,MEAL_ID) values('śmietana',18);
insert into Ingredients(name,MEAL_ID) values('śmietana',17);
insert into Ingredients(name,MEAL_ID) values('śmietana',16);
insert into Ingredients(name,MEAL_ID) values('śmietana',15);
insert into Ingredients(name,MEAL_ID) values('śmietana',14);
insert into Ingredients(name,MEAL_ID) values('śmietana',13);
insert into Ingredients(name,MEAL_ID) values('śmietana',12);
insert into Ingredients(name,MEAL_ID) values('śmietana',11);
insert into Ingredients(name,MEAL_ID) values('śmietana',10);
insert into Ingredients(name,MEAL_ID) values('krem balsamiczny',9);
insert into Ingredients(name,MEAL_ID) values('krem balsamiczny',8);
insert into Ingredients(name,MEAL_ID) values('krem balsamiczny',7);
insert into Ingredients(name,MEAL_ID) values('krem balsamiczny',6);
insert into Ingredients(name,MEAL_ID) values('krem balsamiczny',5);
insert into Ingredients(name,MEAL_ID) values('krem balsamiczny',4);
insert into Ingredients(name,MEAL_ID) values('krem balsamiczny',3);
insert into Ingredients(name,MEAL_ID) values('krem balsamiczny',2);
insert into Ingredients(name,MEAL_ID) values('krem balsamiczny',1);
insert into Ingredients(name,MEAL_ID) values('kalmar',2);
insert into Ingredients(name,MEAL_ID) values('kalmar',3);
insert into Ingredients(name,MEAL_ID) values('kalmar',4);
insert into Ingredients(name,MEAL_ID) values('kalmar',5);
insert into Ingredients(name,MEAL_ID) values('kalmar',6);
insert into Ingredients(name,MEAL_ID) values('kalmar',7);
insert into Ingredients(name,MEAL_ID) values('kalmar',8);
insert into Ingredients(name,MEAL_ID) values('kalmar',9);
insert into Ingredients(name,MEAL_ID) values('kalmar',10);
insert into Ingredients(name,MEAL_ID) values('kalmar',11);
insert into Ingredients(name,MEAL_ID) values('kalmar',12);
insert into Ingredients(name,MEAL_ID) values('kalmar',13);
insert into Ingredients(name,MEAL_ID) values('sandacz',14);
insert into Ingredients(name,MEAL_ID) values('sandacz',15);
insert into Ingredients(name,MEAL_ID) values('sandacz',16);
insert into Ingredients(name,MEAL_ID) values('sandacz',17);
insert into Ingredients(name,MEAL_ID) values('sandacz',18);
insert into Ingredients(name,MEAL_ID) values('sandacz',19);
insert into Ingredients(name,MEAL_ID) values('sandacz',20);
insert into Ingredients(name,MEAL_ID) values('sandacz',21);
insert into Ingredients(name,MEAL_ID) values('sandacz',22);
insert into Ingredients(name,MEAL_ID) values('sandacz',23);
insert into Ingredients(name,MEAL_ID) values('sandacz',24);
insert into Ingredients(name,MEAL_ID) values('sandacz',25);
insert into Ingredients(name,MEAL_ID) values('szpinak',26);
insert into Ingredients(name,MEAL_ID) values('szpinak',27);
insert into Ingredients(name,MEAL_ID) values('szpinak',28);
insert into Ingredients(name,MEAL_ID) values('szpinak',29);
insert into Ingredients(name,MEAL_ID) values('szpinak',30);
insert into Ingredients(name,MEAL_ID) values('szpinak',31);
insert into Ingredients(name,MEAL_ID) values('szpinak',32);
insert into Ingredients(name,MEAL_ID) values('szpinak',33);
insert into Ingredients(name,MEAL_ID) values('szpinak',34);
insert into Ingredients(name,MEAL_ID) values('szpinak',35);
insert into Ingredients(name,MEAL_ID) values('szpinak',36);
insert into Ingredients(name,MEAL_ID) values('szpinak',37);
insert into Ingredients(name,MEAL_ID) values('szpinak',38);
insert into Ingredients(name,MEAL_ID) values('szpinak',39);
insert into Ingredients(name,MEAL_ID) values('szpinak',40);
insert into Ingredients(name,MEAL_ID) values('groszek',41);
insert into Ingredients(name,MEAL_ID) values('groszek',42);
insert into Ingredients(name,MEAL_ID) values('groszek',43);
insert into Ingredients(name,MEAL_ID) values('groszek',44);
insert into Ingredients(name,MEAL_ID) values('groszek',45);
insert into Ingredients(name,MEAL_ID) values('groszek',46);
insert into Ingredients(name,MEAL_ID) values('groszek',47);
insert into Ingredients(name,MEAL_ID) values('groszek',48);
insert into Ingredients(name,MEAL_ID) values('groszek',49);
insert into Ingredients(name,MEAL_ID) values('groszek',50);
insert into Ingredients(name,MEAL_ID) values('groszek',51);
insert into Ingredients(name,MEAL_ID) values('krewetki',52);
insert into Ingredients(name,MEAL_ID) values('krewetki',53);
insert into Ingredients(name,MEAL_ID) values('krewetki',54);
insert into Ingredients(name,MEAL_ID) values('krewetki',55);
insert into Ingredients(name,MEAL_ID) values('krewetki',56);
insert into Ingredients(name,MEAL_ID) values('krewetki',57);
insert into Ingredients(name,MEAL_ID) values('krewetki',58);
insert into Ingredients(name,MEAL_ID) values('krewetki',59);
insert into Ingredients(name,MEAL_ID) values('krewetki',60);
insert into Ingredients(name,MEAL_ID) values('krewetki',61);
insert into Ingredients(name,MEAL_ID) values('krewetki',62);
insert into Ingredients(name,MEAL_ID) values('krewetki',63);
insert into Ingredients(name,MEAL_ID) values('kluski śląskie',63);
insert into Ingredients(name,MEAL_ID) values('kluski śląskie',64);
insert into Ingredients(name,MEAL_ID) values('kluski śląskie',65);
insert into Ingredients(name,MEAL_ID) values('kluski śląskie',66);
insert into Ingredients(name,MEAL_ID) values('kluski śląskie',67);
insert into Ingredients(name,MEAL_ID) values('kluski śląskie',68);
insert into Ingredients(name,MEAL_ID) values('kluski śląskie',69);
insert into Ingredients(name,MEAL_ID) values('kluski śląskie',70);
insert into Ingredients(name,MEAL_ID) values('kluski śląskie',71);
insert into Ingredients(name,MEAL_ID) values('małże',72);
insert into Ingredients(name,MEAL_ID) values('małże',73);
insert into Ingredients(name,MEAL_ID) values('małże',74);
insert into Ingredients(name,MEAL_ID) values('małże',75);
insert into Ingredients(name,MEAL_ID) values('małże',76);
insert into Ingredients(name,MEAL_ID) values('małże',77);
insert into Ingredients(name,MEAL_ID) values('małże',78);
insert into Ingredients(name,MEAL_ID) values('małże',79);
insert into Ingredients(name,MEAL_ID) values('małże',80);
insert into Ingredients(name,MEAL_ID) values('małże',81);
insert into Ingredients(name,MEAL_ID) values('małże',82);
insert into Ingredients(name,MEAL_ID) values('grzanki',83);
insert into Ingredients(name,MEAL_ID) values('grzanki',84);
insert into Ingredients(name,MEAL_ID) values('grzanki',85);
insert into Ingredients(name,MEAL_ID) values('grzanki',86);
insert into Ingredients(name,MEAL_ID) values('grzanki',87);
insert into Ingredients(name,MEAL_ID) values('grzanki',88);
insert into Ingredients(name,MEAL_ID) values('grzanki',89);
insert into Ingredients(name,MEAL_ID) values('grzanki',90);
insert into Ingredients(name,MEAL_ID) values('grzanki',91);
insert into Ingredients(name,MEAL_ID) values('grzanki',92);
insert into Ingredients(name,MEAL_ID) values('truskawki',93);
insert into Ingredients(name,MEAL_ID) values('truskawki',94);
insert into Ingredients(name,MEAL_ID) values('truskawki',95);
insert into Ingredients(name,MEAL_ID) values('truskawki',96);
insert into Ingredients(name,MEAL_ID) values('truskawki',97);
insert into Ingredients(name,MEAL_ID) values('truskawki',98);
insert into Ingredients(name,MEAL_ID) values('truskawki',99);
insert into Ingredients(name,MEAL_ID) values('truskawki',90);
insert into Ingredients(name,MEAL_ID) values('truskawki',89);
insert into Ingredients(name,MEAL_ID) values('truskawki',88);
insert into Ingredients(name,MEAL_ID) values('truskawki',87);
insert into Ingredients(name,MEAL_ID) values('truskawki',86);
insert into Ingredients(name,MEAL_ID) values('pieczywo naan',99);
insert into Ingredients(name,MEAL_ID) values('pieczywo naan',98);
insert into Ingredients(name,MEAL_ID) values('pieczywo naan',97);
insert into Ingredients(name,MEAL_ID) values('pieczywo naan',96);
insert into Ingredients(name,MEAL_ID) values('pieczywo naan',94);
insert into Ingredients(name,MEAL_ID) values('pieczywo naan',93);
insert into Ingredients(name,MEAL_ID) values('pieczywo naan',92);
insert into Ingredients(name,MEAL_ID) values('pieczywo naan',91);
insert into Ingredients(name,MEAL_ID) values('pieczywo naan',90);
insert into Ingredients(name,MEAL_ID) values('soczewica',89);
insert into Ingredients(name,MEAL_ID) values('soczewica',88);
insert into Ingredients(name,MEAL_ID) values('soczewica',87);
insert into Ingredients(name,MEAL_ID) values('soczewica',86);
insert into Ingredients(name,MEAL_ID) values('soczewica',85);
insert into Ingredients(name,MEAL_ID) values('soczewica',84);
insert into Ingredients(name,MEAL_ID) values('soczewica',83);
insert into Ingredients(name,MEAL_ID) values('soczewica',82);
insert into Ingredients(name,MEAL_ID) values('soczewica',81);
insert into Ingredients(name,MEAL_ID) values('soczewica',80);
insert into Ingredients(name,MEAL_ID) values('soczewica',79);
insert into Ingredients(name,MEAL_ID) values('soczewica',78);
insert into Ingredients(name,MEAL_ID) values('soczewica',76);
insert into Ingredients(name,MEAL_ID) values('soczewica',75);
insert into Ingredients(name,MEAL_ID) values('soczewica',74);
insert into Ingredients(name,MEAL_ID) values('soczewica',73);
insert into Ingredients(name,MEAL_ID) values('soczewica',72);
insert into Ingredients(name,MEAL_ID) values('ciecierzyca',71);
insert into Ingredients(name,MEAL_ID) values('ciecierzyca',70);
insert into Ingredients(name,MEAL_ID) values('ciecierzyca',69);
insert into Ingredients(name,MEAL_ID) values('ciecierzyca',68);
insert into Ingredients(name,MEAL_ID) values('ciecierzyca',67);
insert into Ingredients(name,MEAL_ID) values('ciecierzyca',66);
insert into Ingredients(name,MEAL_ID) values('ciecierzyca',65);
insert into Ingredients(name,MEAL_ID) values('ciecierzyca',64);
insert into Ingredients(name,MEAL_ID) values('ciecierzyca',63);
insert into Ingredients(name,MEAL_ID) values('ciecierzyca',62);
insert into Ingredients(name,MEAL_ID) values('ciecierzyca',61);
insert into Ingredients(name,MEAL_ID) values('ciecierzyca',60);
insert into Ingredients(name,MEAL_ID) values('ciecierzyca',59);
insert into Ingredients(name,MEAL_ID) values('ciecierzyca',58);
insert into Ingredients(name,MEAL_ID) values('orzechy nerkowca',57);
insert into Ingredients(name,MEAL_ID) values('orzechy nerkowca',56);
insert into Ingredients(name,MEAL_ID) values('orzechy nerkowca',55);
insert into Ingredients(name,MEAL_ID) values('orzechy nerkowca',54);
insert into Ingredients(name,MEAL_ID) values('orzechy nerkowca',53);
insert into Ingredients(name,MEAL_ID) values('orzechy nerkowca',52);
insert into Ingredients(name,MEAL_ID) values('orzechy nerkowca',51);
insert into Ingredients(name,MEAL_ID) values('orzechy nerkowca',50);
insert into Ingredients(name,MEAL_ID) values('orzechy nerkowca',59);
insert into Ingredients(name,MEAL_ID) values('orzechy nerkowca',58);
insert into Ingredients(name,MEAL_ID) values('orzechy nerkowca',57);
insert into Ingredients(name,MEAL_ID) values('frytki',56);
insert into Ingredients(name,MEAL_ID) values('frytki',55);
insert into Ingredients(name,MEAL_ID) values('frytki',54);
insert into Ingredients(name,MEAL_ID) values('frytki',53);
insert into Ingredients(name,MEAL_ID) values('frytki',52);
insert into Ingredients(name,MEAL_ID) values('frytki',51);
insert into Ingredients(name,MEAL_ID) values('frytki',50);
insert into Ingredients(name,MEAL_ID) values('frytki',49);
insert into Ingredients(name,MEAL_ID) values('frytki',48);
insert into Ingredients(name,MEAL_ID) values('frytki',47);
insert into Ingredients(name,MEAL_ID) values('frytki',46);
insert into Ingredients(name,MEAL_ID) values('marchewka',45);
insert into Ingredients(name,MEAL_ID) values('marchewka',44);
insert into Ingredients(name,MEAL_ID) values('marchewka',43);
insert into Ingredients(name,MEAL_ID) values('marchewka',42);
insert into Ingredients(name,MEAL_ID) values('marchewka',41);
insert into Ingredients(name,MEAL_ID) values('marchewka',40);
insert into Ingredients(name,MEAL_ID) values('marchewka',39);
insert into Ingredients(name,MEAL_ID) values('marchewka',38);
insert into Ingredients(name,MEAL_ID) values('marchewka',37);
insert into Ingredients(name,MEAL_ID) values('marchewka',36);
insert into Ingredients(name,MEAL_ID) values('hummus',35);
insert into Ingredients(name,MEAL_ID) values('hummus',34);
insert into Ingredients(name,MEAL_ID) values('hummus',33);
insert into Ingredients(name,MEAL_ID) values('hummus',32);
insert into Ingredients(name,MEAL_ID) values('hummus',31);
insert into Ingredients(name,MEAL_ID) values('hummus',30);
insert into Ingredients(name,MEAL_ID) values('hummus',29);
insert into Ingredients(name,MEAL_ID) values('hummus',28);
insert into Ingredients(name,MEAL_ID) values('hummus',27);
insert into Ingredients(name,MEAL_ID) values('hummus',26);
insert into Ingredients(name,MEAL_ID) values('hummus',25);
insert into Ingredients(name,MEAL_ID) values('hummus',24);
insert into Ingredients(name,MEAL_ID) values('hummus',23);
insert into Ingredients(name,MEAL_ID) values('mleko kokosowe',22);
insert into Ingredients(name,MEAL_ID) values('mleko kokosowe',21);
insert into Ingredients(name,MEAL_ID) values('mleko kokosowe',20);
insert into Ingredients(name,MEAL_ID) values('mleko kokosowe',19);
insert into Ingredients(name,MEAL_ID) values('mleko kokosowe',18);
insert into Ingredients(name,MEAL_ID) values('mleko kokosowe',17);
insert into Ingredients(name,MEAL_ID) values('mleko kokosowe',16);
insert into Ingredients(name,MEAL_ID) values('mleko kokosowe',15);
insert into Ingredients(name,MEAL_ID) values('mleko kokosowe',14);
insert into Ingredients(name,MEAL_ID) values('mleko kokosowe',13);
insert into Ingredients(name,MEAL_ID) values('mleko kokosowe',12);
insert into Ingredients(name,MEAL_ID) values('mleko kokosowe',11);
insert into Ingredients(name,MEAL_ID) values('mleko kokosowe',10);
insert into Ingredients(name,MEAL_ID) values('pita',9);
insert into Ingredients(name,MEAL_ID) values('pita',8);
insert into Ingredients(name,MEAL_ID) values('pita',7);
insert into Ingredients(name,MEAL_ID) values('pita',6);
insert into Ingredients(name,MEAL_ID) values('pita',5);
insert into Ingredients(name,MEAL_ID) values('pita',4);
insert into Ingredients(name,MEAL_ID) values('pita',3);
insert into Ingredients(name,MEAL_ID) values('pita',2);
insert into Ingredients(name,MEAL_ID) values('pita',1);
insert into Ingredients(name,MEAL_ID) values('chorizo',2);
insert into Ingredients(name,MEAL_ID) values('chorizo',3);
insert into Ingredients(name,MEAL_ID) values('chorizo',4);
insert into Ingredients(name,MEAL_ID) values('chorizo',5);
insert into Ingredients(name,MEAL_ID) values('chorizo',6);
insert into Ingredients(name,MEAL_ID) values('chorizo',7);
insert into Ingredients(name,MEAL_ID) values('chorizo',8);
insert into Ingredients(name,MEAL_ID) values('chorizo',9);
insert into Ingredients(name,MEAL_ID) values('chorizo',10);
insert into Ingredients(name,MEAL_ID) values('chorizo',11);
insert into Ingredients(name,MEAL_ID) values('chorizo',12);
insert into Ingredients(name,MEAL_ID) values('chorizo',13);
insert into Ingredients(name,MEAL_ID) values('oliwki',14);
insert into Ingredients(name,MEAL_ID) values('oliwki',15);
insert into Ingredients(name,MEAL_ID) values('oliwki',16);
insert into Ingredients(name,MEAL_ID) values('oliwki',17);
insert into Ingredients(name,MEAL_ID) values('oliwki',18);
insert into Ingredients(name,MEAL_ID) values('oliwki',19);
insert into Ingredients(name,MEAL_ID) values('oliwki',20);
insert into Ingredients(name,MEAL_ID) values('oliwki',21);
insert into Ingredients(name,MEAL_ID) values('oliwki',22);
insert into Ingredients(name,MEAL_ID) values('oliwki',23);
insert into Ingredients(name,MEAL_ID) values('oliwki',24);
insert into Ingredients(name,MEAL_ID) values('oliwki',25);

insert into restaurant_cuisine(restaurant_id, cuisine) VALUES (1,'ITALIAN');
insert into restaurant_cuisine(restaurant_id, cuisine) VALUES (2,'AMERICAN');
insert into restaurant_cuisine(restaurant_id, cuisine) VALUES (3,'AMERICAN');
insert into restaurant_cuisine(restaurant_id, cuisine) VALUES (3,'POLAND');
insert into restaurant_cuisine(restaurant_id, cuisine) VALUES (3,'GREEK');
insert into restaurant_cuisine(restaurant_id, cuisine) VALUES (4,'ITALIAN');
insert into restaurant_cuisine(restaurant_id, cuisine) VALUES (5,'INDIAN');
insert into restaurant_cuisine(restaurant_id, cuisine) VALUES (6,'POLAND');
insert into restaurant_cuisine(restaurant_id, cuisine) VALUES (7,'GREEK');
insert into restaurant_cuisine(restaurant_id, cuisine) VALUES (8,'CHINESE');
insert into restaurant_cuisine(restaurant_id, cuisine) VALUES (9,'AMERICAN');
insert into restaurant_cuisine(restaurant_id, cuisine) VALUES (10,'GEORIAN');

insert into RESTAURANT_MEAL(restaurant_id, MEAL_TYPE) VALUES (1,'VEGETARIAN');
insert into RESTAURANT_MEAL(restaurant_id, MEAL_TYPE) VALUES (1,'MEAT');
insert into RESTAURANT_MEAL(restaurant_id, MEAL_TYPE) VALUES (1,'GLUTENFREE');
insert into RESTAURANT_MEAL(restaurant_id, MEAL_TYPE) VALUES (2,'GLUTENFREE');
insert into RESTAURANT_MEAL(restaurant_id, MEAL_TYPE) VALUES (2,'MEAT');
insert into RESTAURANT_MEAL(restaurant_id, MEAL_TYPE) VALUES (3,'VEGETARIAN');
insert into RESTAURANT_MEAL(restaurant_id, MEAL_TYPE) VALUES (3,'MEAT');
insert into RESTAURANT_MEAL(restaurant_id, MEAL_TYPE) VALUES (4,'LACTOSEFREE');
insert into RESTAURANT_MEAL(restaurant_id, MEAL_TYPE) VALUES (4,'MEAT');
insert into RESTAURANT_MEAL(restaurant_id, MEAL_TYPE) VALUES (5,'MEAT');
insert into RESTAURANT_MEAL(restaurant_id, MEAL_TYPE) VALUES (6,'MEAT');
insert into RESTAURANT_MEAL(restaurant_id, MEAL_TYPE) VALUES (7,'MEAT');
insert into RESTAURANT_MEAL(restaurant_id, MEAL_TYPE) VALUES (7,'VEGETARIAN');
insert into RESTAURANT_MEAL(restaurant_id, MEAL_TYPE) VALUES (8,'MEAT');
insert into RESTAURANT_MEAL(restaurant_id, MEAL_TYPE) VALUES (9,'LACTOSEFREE');
insert into RESTAURANT_MEAL(restaurant_id, MEAL_TYPE) VALUES (9,'GLUTENFREE');
insert into RESTAURANT_MEAL(restaurant_id, MEAL_TYPE) VALUES (9,'VEGETARIAN');
insert into RESTAURANT_MEAL(restaurant_id, MEAL_TYPE) VALUES (10,'VEGETARIAN');
insert into RESTAURANT_MEAL(restaurant_id, MEAL_TYPE) VALUES (10,'MEAT');

insert into adres(city,post_code,street,house_number,restaurant_id) values ('Wroclaw','50-072','Pawła Włodkowica','13',1);
insert into adres(city,post_code,street,house_number,restaurant_id) values ('Wroclaw','50-072','Świdnicka','11',2);
insert into adres(city,post_code,street,house_number,restaurant_id) values ('Wroclaw','51-152','Wacława Barenta','68',3);
insert into adres(city,post_code,street,house_number,restaurant_id) values ('Wroclaw','50-372','plac Grunwaldzki','53',4);
insert into adres(city,post_code,street,house_number,restaurant_id) values ('Wroclaw','50-381','Curie-Skłodowskiej','5',5);
insert into adres(city,post_code,street,house_number,restaurant_id) values ('Wroclaw','50-113','Odrzańska','17',6);
insert into adres(city,post_code,street,house_number,restaurant_id) values ('Wroclaw','50-202','Księcia Witolda','2',7);
insert into adres(city,post_code,street,house_number,restaurant_id) values ('Wroclaw','50-422','Generała Romualda Traugutta','104',8);
insert into adres(city,post_code,street,house_number,restaurant_id) values ('Wroclaw','50-075','Krupnicza','3',9);
insert into adres(city,post_code,street,house_number,restaurant_id) values ('Wroclaw','50-071','plac Wolności','9',10);










/*insert into RESTAURANT_CUISINE(restaurant_id, cuisine) values (1,' ITALIAN');*/




